{"info": {"year": 2017,"version": "1.0","description": 2017,"contributor": "COCO Consortium","url": "http://cocodataset.org","date_created": "2017/09/01"},"licenses": [{"url": "http://creativecommons.org/licenses/by-nc-sa/2.0/","id": 1,"name": "Attribution-NonCommercial-ShareAlike License"},{"url": "http://creativecommons.org/licenses/by-nc/2.0/","id": 2,"name": "Attribution-NonCommercial License"},{"url": "http://creativecommons.org/licenses/by-nc-nd/2.0/","id": 3,"name": "Attribution-NonCommercial-NoDerivs License"},{"url": "http://creativecommons.org/licenses/by/2.0/","id": 4,"name": "Attribution License"},{"url": "http://creativecommons.org/licenses/by-sa/2.0/","id": 5,"name": "Attribution-ShareAlike License"},{"url": "http://creativecommons.org/licenses/by-nd/2.0/","id": 6,"name": "Attribution-NoDerivs License"},{"url": "http://flickr.com/commons/usage/","id": 7,"name": "No known copyright restrictions"},{"url": "http://www.usa.gov/copyright.shtml","id": 8,"name": "United States Government Work"}],"categories": [{"supercategory": "person","id": 1,"name": "person"},{"supercategory": "vehicle","id": 2,"name": "bicycle"},{"supercategory": "vehicle","id": 3,"name": "car"},{"supercategory": "vehicle","id": 4,"name": "motorcycle"},{"supercategory": "vehicle","id": 5,"name": "airplane"},{"supercategory": "vehicle","id": 6,"name": "bus"},{"supercategory": "vehicle","id": 7,"name": "train"},{"supercategory": "vehicle","id": 8,"name": "truck"},{"supercategory": "vehicle","id": 9,"name": "boat"},{"supercategory": "outdoor","id": 10,"name": "traffic light"},{"supercategory": "outdoor","id": 11,"name": "fire hydrant"},{"supercategory": "outdoor","id": 13,"name": "stop sign"},{"supercategory": "outdoor","id": 14,"name": "parking meter"},{"supercategory": "outdoor","id": 15,"name": "bench"},{"supercategory": "animal","id": 16,"name": "bird"},{"supercategory": "animal","id": 17,"name": "cat"},{"supercategory": "animal","id": 18,"name": "dog"},{"supercategory": "animal","id": 19,"name": "horse"},{"supercategory": "animal","id": 20,"name": "sheep"},{"supercategory": "animal","id": 21,"name": "cow"},{"supercategory": "animal","id": 22,"name": "elephant"},{"supercategory": "animal","id": 23,"name": "bear"},{"supercategory": "animal","id": 24,"name": "zebra"},{"supercategory": "animal","id": 25,"name": "giraffe"},{"supercategory": "accessory","id": 27,"name": "backpack"},{"supercategory": "accessory","id": 28,"name": "umbrella"},{"supercategory": "accessory","id": 31,"name": "handbag"},{"supercategory": "accessory","id": 32,"name": "tie"},{"supercategory": "accessory","id": 33,"name": "suitcase"},{"supercategory": "sports","id": 34,"name": "frisbee"},{"supercategory": "sports","id": 35,"name": "skis"},{"supercategory": "sports","id": 36,"name": "snowboard"},{"supercategory": "sports","id": 37,"name": "sports ball"},{"supercategory": "sports","id": 38,"name": "kite"},{"supercategory": "sports","id": 39,"name": "baseball bat"},{"supercategory": "sports","id": 40,"name": "baseball glove"},{"supercategory": "sports","id": 41,"name": "skateboard"},{"supercategory": "sports","id": 42,"name": "surfboard"},{"supercategory": "sports","id": 43,"name": "tennis racket"},{"supercategory": "kitchen","id": 44,"name": "bottle"},{"supercategory": "kitchen","id": 46,"name": "wine glass"},{"supercategory": "kitchen","id": 47,"name": "cup"},{"supercategory": "kitchen","id": 48,"name": "fork"},{"supercategory": "kitchen","id": 49,"name": "knife"},{"supercategory": "kitchen","id": 50,"name": "spoon"},{"supercategory": "kitchen","id": 51,"name": "bowl"},{"supercategory": "food","id": 52,"name": "banana"},{"supercategory": "food","id": 53,"name": "apple"},{"supercategory": "food","id": 54,"name": "sandwich"},{"supercategory": "food","id": 55,"name": "orange"},{"supercategory": "food","id": 56,"name": "broccoli"},{"supercategory": "food","id": 57,"name": "carrot"},{"supercategory": "food","id": 58,"name": "hot dog"},{"supercategory": "food","id": 59,"name": "pizza"},{"supercategory": "food","id": 60,"name": "donut"},{"supercategory": "food","id": 61,"name": "cake"},{"supercategory": "furniture","id": 62,"name": "chair"},{"supercategory": "furniture","id": 63,"name": "couch"},{"supercategory": "furniture","id": 64,"name": "potted plant"},{"supercategory": "furniture","id": 65,"name": "bed"},{"supercategory": "furniture","id": 67,"name": "dining table"},{"supercategory": "furniture","id": 70,"name": "toilet"},{"supercategory": "electronic","id": 72,"name": "tv"},{"supercategory": "electronic","id": 73,"name": "laptop"},{"supercategory": "electronic","id": 74,"name": "mouse"},{"supercategory": "electronic","id": 75,"name": "remote"},{"supercategory": "electronic","id": 76,"name": "keyboard"},{"supercategory": "electronic","id": 77,"name": "cell phone"},{"supercategory": "appliance","id": 78,"name": "microwave"},{"supercategory": "appliance","id": 79,"name": "oven"},{"supercategory": "appliance","id": 80,"name": "toaster"},{"supercategory": "appliance","id": 81,"name": "sink"},{"supercategory": "appliance","id": 82,"name": "refrigerator"},{"supercategory": "indoor","id": 84,"name": "book"},{"supercategory": "indoor","id": 85,"name": "clock"},{"supercategory": "indoor","id": 86,"name": "vase"},{"supercategory": "indoor","id": 87,"name": "scissors"},{"supercategory": "indoor","id": 88,"name": "teddy bear"},{"supercategory": "indoor","id": 89,"name": "hair drier"},{"supercategory": "indoor","id": 90,"name": "toothbrush"}],"images": [{"id": 1,"file_name": "000000184978.jpg","height": 640,"width": 480,"license": null,"coco_url": null},{"id": 2,"file_name": "000000267537.jpg","height": 470,"width": 640,"license": null,"coco_url": null},{"id": 3,"file_name": "000000231580.jpg","height": 480,"width": 640,"license": null,"coco_url": null},{"id": 4,"file_name": "000000278463.jpg","height": 480,"width": 640,"license": null,"coco_url": null},{"id": 5,"file_name": "000000183500.jpg","height": 430,"width": 640,"license": null,"coco_url": null},{"id": 6,"file_name": "000000104669.jpg","height": 375,"width": 500,"license": null,"coco_url": null},{"id": 7,"file_name": "000000473118.jpg","height": 500,"width": 346,"license": null,"coco_url": null},{"id": 8,"file_name": "000000067180.jpg","height": 640,"width": 480,"license": null,"coco_url": null},{"id": 9,"file_name": "000000445365.jpg","height": 640,"width": 427,"license": null,"coco_url": null},{"id": 10,"file_name": "000000395180.jpg","height": 481,"width": 640,"license": null,"coco_url": null},{"id": 11,"file_name": "000000351810.jpg","height": 375,"width": 500,"license": null,"coco_url": null},{"id": 12,"file_name": "000000536073.jpg","height": 640,"width": 480,"license": null,"coco_url": null},{"id": 13,"file_name": "000000088970.jpg","height": 500,"width": 333,"license": null,"coco_url": null},{"id": 14,"file_name": "000000401244.jpg","height": 640,"width": 426,"license": null,"coco_url": null},{"id": 15,"file_name": "000000331352.jpg","height": 500,"width": 351,"license": null,"coco_url": null},{"id": 16,"file_name": "000000526751.jpg","height": 427,"width": 640,"license": null,"coco_url": null},{"id": 17,"file_name": "000000379533.jpg","height": 640,"width": 476,"license": null,"coco_url": null},{"id": 18,"file_name": "000000121506.jpg","height": 612,"width": 612,"license": null,"coco_url": null},{"id": 19,"file_name": "000000485972.jpg","height": 640,"width": 426,"license": null,"coco_url": null},{"id": 20,"file_name": "000000026204.jpg","height": 427,"width": 640,"license": null,"coco_url": null},{"id": 21,"file_name": "000000427649.jpg","height": 640,"width": 480,"license": null,"coco_url": null},{"id": 22,"file_name": "000000230993.jpg","height": 408,"width": 640,"license": null,"coco_url": null},{"id": 23,"file_name": "000000460229.jpg","height": 640,"width": 383,"license": null,"coco_url": null},{"id": 24,"file_name": "000000297085.jpg","height": 375,"width": 500,"license": null,"coco_url": null},{"id": 25,"file_name": "000000116439.jpg","height": 640,"width": 429,"license": null,"coco_url": null},{"id": 26,"file_name": "000000446206.jpg","height": 385,"width": 640,"license": null,"coco_url": null},{"id": 27,"file_name": "000000357430.jpg","height": 427,"width": 640,"license": null,"coco_url": null},{"id": 28,"file_name": "000000422998.jpg","height": 427,"width": 640,"license": null,"coco_url": null},{"id": 29,"file_name": "000000074457.jpg","height": 364,"width": 640,"license": null,"coco_url": null},{"id": 30,"file_name": "000000575815.jpg","height": 451,"width": 640,"license": null,"coco_url": null},{"id": 31,"file_name": "000000199771.jpg","height": 425,"width": 640,"license": null,"coco_url": null},{"id": 32,"file_name": "000000255912.jpg","height": 359,"width": 640,"license": null,"coco_url": null},{"id": 33,"file_name": "000000581615.jpg","height": 640,"width": 478,"license": null,"coco_url": null},{"id": 34,"file_name": "000000435003.jpg","height": 427,"width": 640,"license": null,"coco_url": null},{"id": 35,"file_name": "000000045596.jpg","height": 640,"width": 408,"license": null,"coco_url": null},{"id": 36,"file_name": "000000159311.jpg","height": 333,"width": 500,"license": null,"coco_url": null},{"id": 37,"file_name": "000000280710.jpg","height": 480,"width": 640,"license": null,"coco_url": null},{"id": 38,"file_name": "000000314914.jpg","height": 640,"width": 480,"license": null,"coco_url": null},{"id": 39,"file_name": "000000311295.jpg","height": 427,"width": 640,"license": null,"coco_url": null},{"id": 40,"file_name": "000000085329.jpg","height": 449,"width": 640,"license": null,"coco_url": null},{"id": 41,"file_name": "000000310862.jpg","height": 612,"width": 612,"license": null,"coco_url": null},{"id": 42,"file_name": "000000233139.jpg","height": 427,"width": 640,"license": null,"coco_url": null},{"id": 43,"file_name": "000000155341.jpg","height": 480,"width": 640,"license": null,"coco_url": null},{"id": 44,"file_name": "000000440507.jpg","height": 375,"width": 500,"license": null,"coco_url": null},{"id": 45,"file_name": "000000485130.jpg","height": 467,"width": 640,"license": null,"coco_url": null},{"id": 46,"file_name": "000000280325.jpg","height": 377,"width": 500,"license": null,"coco_url": null},{"id": 47,"file_name": "000000186449.jpg","height": 640,"width": 436,"license": null,"coco_url": null},{"id": 48,"file_name": "000000434479.jpg","height": 426,"width": 640,"license": null,"coco_url": null},{"id": 49,"file_name": "000000423617.jpg","height": 480,"width": 640,"license": null,"coco_url": null},{"id": 50,"file_name": "000000334399.jpg","height": 480,"width": 640,"license": null,"coco_url": null}],"annotations": [{"id": 1,"image_id": 1,"category_id": 1,"bbox": [146.14,294.85,107.72,187.79],"area": 20228.7388,"iscrowd": 0,"supercategory": "person"},{"id": 2,"image_id": 1,"category_id": 36,"bbox": [176.98,478.48,55.29,12.010000000000002],"area": 664.0329,"iscrowd": 0,"supercategory": "sports"},{"id": 3,"image_id": 2,"category_id": 28,"bbox": [89.57,74.4,190.74,130.67],"area": 24923.9958,"iscrowd": 0,"supercategory": "accessory"},{"id": 4,"image_id": 2,"category_id": 28,"bbox": [262.99,61.07999999999999,175.32,79.22],"area": 13888.8504,"iscrowd": 0,"supercategory": "accessory"},{"id": 5,"image_id": 2,"category_id": 1,"bbox": [107.45999999999998,103.27,191.34999999999997,282.08],"area": 53976.00799999999,"iscrowd": 0,"supercategory": "person"},{"id": 6,"image_id": 2,"category_id": 1,"bbox": [190.45,105.91,95.16999999999999,129.65],"area": 12338.7905,"iscrowd": 0,"supercategory": "person"},{"id": 7,"image_id": 2,"category_id": 1,"bbox": [279.7,85.71,236.02,286.92],"area": 67718.85840000001,"iscrowd": 0,"supercategory": "person"},{"id": 8,"image_id": 2,"category_id": 1,"bbox": [0.0,0.0,79.97,233.1],"area": 18641.006999999998,"iscrowd": 0,"supercategory": "person"},{"id": 9,"image_id": 2,"category_id": 1,"bbox": [387.92,0.0,36.5,53.71],"area": 1960.415,"iscrowd": 0,"supercategory": "person"},{"id": 10,"image_id": 2,"category_id": 1,"bbox": [341.15,83.44,134.13,224.96],"area": 30173.8848,"iscrowd": 0,"supercategory": "person"},{"id": 11,"image_id": 2,"category_id": 1,"bbox": [498.75,0.28,137.13,234.44],"area": 32148.7572,"iscrowd": 0,"supercategory": "person"},{"id": 12,"image_id": 2,"category_id": 1,"bbox": [68.65,0.0,109.84,160.54],"area": 17633.7136,"iscrowd": 0,"supercategory": "person"},{"id": 13,"image_id": 2,"category_id": 15,"bbox": [447.81999999999994,195.39,192.18,50.7],"area": 9743.526000000002,"iscrowd": 0,"supercategory": "outdoor"},{"id": 14,"image_id": 2,"category_id": 15,"bbox": [445.3,163.57,92.17,27.98],"area": 2578.9166,"iscrowd": 0,"supercategory": "outdoor"},{"id": 15,"image_id": 2,"category_id": 15,"bbox": [409.30999999999995,127.95,230.69,42.44],"area": 9790.4836,"iscrowd": 0,"supercategory": "outdoor"},{"id": 16,"image_id": 2,"category_id": 15,"bbox": [415.18,140.05,113.31,19.71],"area": 2233.3401000000003,"iscrowd": 0,"supercategory": "outdoor"},{"id": 17,"image_id": 2,"category_id": 15,"bbox": [411.91,95.14,87.47,27.38],"area": 2394.9285999999997,"iscrowd": 0,"supercategory": "outdoor"},{"id": 18,"image_id": 2,"category_id": 15,"bbox": [399.6,75.2,109.16,24.54],"area": 2678.7864,"iscrowd": 0,"supercategory": "outdoor"},{"id": 19,"image_id": 2,"category_id": 15,"bbox": [462.61,245.02999999999997,175.32,64.43],"area": 11295.867600000001,"iscrowd": 0,"supercategory": "outdoor"},{"id": 20,"image_id": 2,"category_id": 15,"bbox": [2.11,243.98,122.51999999999998,76.04],"area": 9316.4208,"iscrowd": 0,"supercategory": "outdoor"},{"id": 21,"image_id": 2,"category_id": 15,"bbox": [179.55,64.43,114.07,24.29],"area": 2770.7603,"iscrowd": 0,"supercategory": "outdoor"},{"id": 22,"image_id": 2,"category_id": 15,"bbox": [329.77,49.89,194.38,17.4],"area": 3382.2119999999995,"iscrowd": 0,"supercategory": "outdoor"},{"id": 23,"image_id": 2,"category_id": 32,"bbox": [163.74,159.51,17.56,30.52],"area": 535.9312,"iscrowd": 0,"supercategory": "accessory"},{"id": 24,"image_id": 2,"category_id": 1,"bbox": [165.98,0.0,82.48999999999998,68.09],"area": 5616.744099999999,"iscrowd": 0,"supercategory": "person"},{"id": 25,"image_id": 2,"category_id": 1,"bbox": [48.75,0.12,36.66,61.31999999999999],"area": 2247.9911999999995,"iscrowd": 0,"supercategory": "person"},{"id": 26,"image_id": 2,"category_id": 15,"bbox": [318.62,29.3,319.85,21.97],"area": 7027.1045,"iscrowd": 0,"supercategory": "outdoor"},{"id": 27,"image_id": 2,"category_id": 15,"bbox": [599.8,79.84,40.2,11.28],"area": 453.456,"iscrowd": 0,"supercategory": "outdoor"},{"id": 28,"image_id": 3,"category_id": 21,"bbox": [290.54,110.8,241.9,157.29],"area": 38048.451,"iscrowd": 0,"supercategory": "animal"},{"id": 29,"image_id": 3,"category_id": 62,"bbox": [284.78,214.97,87.74,95.48],"area": 8377.4152,"iscrowd": 0,"supercategory": "furniture"},{"id": 30,"image_id": 3,"category_id": 1,"bbox": [142.38,31.279999999999998,171.51,361.35],"area": 61975.1385,"iscrowd": 0,"supercategory": "person"},{"id": 31,"image_id": 3,"category_id": 1,"bbox": [14.02,110.29,59.33,156.41],"area": 9279.8053,"iscrowd": 0,"supercategory": "person"},{"id": 32,"image_id": 3,"category_id": 1,"bbox": [0.0,124.98000000000002,30.87,159.41],"area": 4920.9867,"iscrowd": 0,"supercategory": "person"},{"id": 33,"image_id": 3,"category_id": 1,"bbox": [141.3,367.82,235.15,106.79],"area": 25111.668500000003,"iscrowd": 0,"supercategory": "person"},{"id": 34,"image_id": 3,"category_id": 1,"bbox": [309.86,279.97,131.65,167.95],"area": 22110.6175,"iscrowd": 0,"supercategory": "person"},{"id": 35,"image_id": 3,"category_id": 67,"bbox": [94.86000000000001,194.19,301.34,56.76],"area": 17104.058399999998,"iscrowd": 0,"supercategory": "furniture"},{"id": 36,"image_id": 3,"category_id": 1,"bbox": [569.77,322.91,70.23,148.36],"area": 10419.322800000002,"iscrowd": 0,"supercategory": "person"},{"id": 37,"image_id": 3,"category_id": 1,"bbox": [18.06,313.86,184.1,166.14],"area": 30586.373999999996,"iscrowd": 0,"supercategory": "person"},{"id": 38,"image_id": 4,"category_id": 17,"bbox": [124.83000000000001,239.37,100.75,96.65],"area": 9737.487500000001,"iscrowd": 0,"supercategory": "animal"},{"id": 39,"image_id": 4,"category_id": 44,"bbox": [446.89,255.32000000000002,25.940000000000005,46.37],"area": 1202.8378000000002,"iscrowd": 0,"supercategory": "kitchen"},{"id": 40,"image_id": 4,"category_id": 64,"bbox": [1.07,213.8,65.51,187.91],"area": 12309.984100000001,"iscrowd": 0,"supercategory": "furniture"},{"id": 41,"image_id": 4,"category_id": 77,"bbox": [439.03,311.08,35.95,26.8],"area": 963.4600000000002,"iscrowd": 0,"supercategory": "electronic"},{"id": 42,"image_id": 4,"category_id": 73,"bbox": [216.12,223.43,151.88,154.95],"area": 23533.805999999997,"iscrowd": 0,"supercategory": "electronic"},{"id": 43,"image_id": 4,"category_id": 47,"bbox": [39.92,340.95,52.14,77.63],"area": 4047.6281999999997,"iscrowd": 0,"supercategory": "kitchen"},{"id": 44,"image_id": 4,"category_id": 84,"bbox": [546.67,385.94,83.63,21.82],"area": 1824.8066,"iscrowd": 0,"supercategory": "indoor"},{"id": 45,"image_id": 4,"category_id": 84,"bbox": [558.91,342.7,67.65,9.6],"area": 649.44,"iscrowd": 0,"supercategory": "indoor"},{"id": 46,"image_id": 4,"category_id": 84,"bbox": [363.68,327.86,154.69,80.92],"area": 12517.5148,"iscrowd": 0,"supercategory": "indoor"},{"id": 47,"image_id": 4,"category_id": 84,"bbox": [558.85,377.09,71.44,17.35],"area": 1239.4840000000002,"iscrowd": 0,"supercategory": "indoor"},{"id": 48,"image_id": 4,"category_id": 84,"bbox": [560.34,341.49,66.75,7.44],"area": 496.62,"iscrowd": 0,"supercategory": "indoor"},{"id": 49,"image_id": 4,"category_id": 84,"bbox": [532.3,287.8,71.1,32.37],"area": 2301.5069999999996,"iscrowd": 0,"supercategory": "indoor"},{"id": 50,"image_id": 4,"category_id": 44,"bbox": [61.55,263.76,39.87,80.71],"area": 3217.9076999999997,"iscrowd": 0,"supercategory": "kitchen"},{"id": 51,"image_id": 4,"category_id": 84,"bbox": [556.22,330.6,65.65,14.13],"area": 927.6345000000001,"iscrowd": 0,"supercategory": "indoor"},{"id": 52,"image_id": 4,"category_id": 84,"bbox": [297.04,198.02,59.42,25.6],"area": 1521.152,"iscrowd": 0,"supercategory": "indoor"},{"id": 53,"image_id": 5,"category_id": 1,"bbox": [307.26,201.04,19.04,29.48],"area": 561.2991999999999,"iscrowd": 0,"supercategory": "person"},{"id": 54,"image_id": 5,"category_id": 5,"bbox": [93.73000000000002,75.37,446.43,264.76],"area": 118196.80679999999,"iscrowd": 0,"supercategory": "vehicle"},{"id": 55,"image_id": 6,"category_id": 67,"bbox": [0.0,21.54,500.0,353.46],"area": 176730.0,"iscrowd": 0,"supercategory": "furniture"},{"id": 56,"image_id": 6,"category_id": 48,"bbox": [462.25,120.89,36.91,248.32000000000002],"area": 9165.4912,"iscrowd": 0,"supercategory": "kitchen"},{"id": 57,"image_id": 6,"category_id": 49,"bbox": [0.59,162.77,74.68,212.22999999999996],"area": 15849.336399999998,"iscrowd": 0,"supercategory": "kitchen"},{"id": 58,"image_id": 6,"category_id": 55,"bbox": [287.85,129.23,92.43,100.35000000000001],"area": 9275.350500000002,"iscrowd": 0,"supercategory": "food"},{"id": 59,"image_id": 6,"category_id": 56,"bbox": [199.41,163.85,186.18,170.29],"area": 31704.5922,"iscrowd": 0,"supercategory": "food"},{"id": 60,"image_id": 6,"category_id": 57,"bbox": [318.66,182.75,69.54,63.38],"area": 4407.445200000001,"iscrowd": 0,"supercategory": "food"},{"id": 61,"image_id": 6,"category_id": 57,"bbox": [176.86,243.09,52.62,77.11],"area": 4057.5281999999997,"iscrowd": 0,"supercategory": "food"},{"id": 62,"image_id": 6,"category_id": 57,"bbox": [221.03,175.99,18.21,69.64],"area": 1268.1444000000001,"iscrowd": 0,"supercategory": "food"},{"id": 63,"image_id": 6,"category_id": 57,"bbox": [187.66,294.81,23.57,57.85],"area": 1363.5245,"iscrowd": 0,"supercategory": "food"},{"id": 64,"image_id": 6,"category_id": 57,"bbox": [235.98,186.66,45.02,34.36],"area": 1546.8872000000001,"iscrowd": 0,"supercategory": "food"},{"id": 65,"image_id": 6,"category_id": 56,"bbox": [153.0,251.62000000000003,25.97,65.52],"area": 1701.5543999999998,"iscrowd": 0,"supercategory": "food"},{"id": 66,"image_id": 6,"category_id": 57,"bbox": [175.71,237.14000000000001,35.19,28.829999999999995],"area": 1014.5276999999998,"iscrowd": 0,"supercategory": "food"},{"id": 67,"image_id": 6,"category_id": 57,"bbox": [210.14,215.07999999999998,18.23,33.39],"area": 608.6997,"iscrowd": 0,"supercategory": "food"},{"id": 68,"image_id": 6,"category_id": 57,"bbox": [174.29,251.64,11.45,46.22],"area": 529.2189999999999,"iscrowd": 0,"supercategory": "food"},{"id": 69,"image_id": 6,"category_id": 57,"bbox": [196.2,204.15,25.88,42.71],"area": 1105.3348,"iscrowd": 0,"supercategory": "food"},{"id": 70,"image_id": 7,"category_id": 2,"bbox": [34.52,0.0,75.77,48.09],"area": 3643.7793,"iscrowd": 0,"supercategory": "vehicle"},{"id": 71,"image_id": 7,"category_id": 1,"bbox": [84.27,51.69,138.2,335.95],"area": 46428.28999999999,"iscrowd": 0,"supercategory": "person"},{"id": 72,"image_id": 7,"category_id": 41,"bbox": [68.89,306.68,90.28,80.34],"area": 7253.095200000001,"iscrowd": 0,"supercategory": "sports"},{"id": 73,"image_id": 8,"category_id": 1,"bbox": [102.11,39.83,251.69,484.66999999999996],"area": 121986.59229999999,"iscrowd": 0,"supercategory": "person"},{"id": 74,"image_id": 8,"category_id": 15,"bbox": [50.34,307.78,429.66,225.79000000000002],"area": 97012.93140000002,"iscrowd": 0,"supercategory": "outdoor"},{"id": 75,"image_id": 9,"category_id": 25,"bbox": [31.25,247.07,200.04,392.93],"area": 78601.7172,"iscrowd": 0,"supercategory": "animal"},{"id": 76,"image_id": 9,"category_id": 25,"bbox": [186.97,116.49,240.03,513.44],"area": 123241.0032,"iscrowd": 0,"supercategory": "animal"},{"id": 77,"image_id": 10,"category_id": 2,"bbox": [57.68,262.87,45.34,183.35],"area": 8313.089,"iscrowd": 0,"supercategory": "vehicle"},{"id": 78,"image_id": 10,"category_id": 9,"bbox": [407.97,200.33,142.85,14.8],"area": 2114.18,"iscrowd": 0,"supercategory": "vehicle"},{"id": 79,"image_id": 10,"category_id": 1,"bbox": [32.4,122.05,134.95,313.95],"area": 42367.5525,"iscrowd": 0,"supercategory": "person"},{"id": 80,"image_id": 10,"category_id": 1,"bbox": [446.73,187.99,11.97,15.74],"area": 188.4078,"iscrowd": 0,"supercategory": "person"},{"id": 81,"image_id": 10,"category_id": 1,"bbox": [494.94,188.72,13.85,15.919999999999998],"area": 220.49199999999996,"iscrowd": 0,"supercategory": "person"},{"id": 82,"image_id": 10,"category_id": 1,"bbox": [510.64,192.73,10.16,12.48],"area": 126.7968,"iscrowd": 0,"supercategory": "person"},{"id": 83,"image_id": 10,"category_id": 77,"bbox": [142.32,202.8,9.99,5.0],"area": 49.95,"iscrowd": 0,"supercategory": "electronic"},{"id": 84,"image_id": 10,"category_id": 1,"bbox": [477.48,189.92,15.98,13.63],"area": 217.80740000000003,"iscrowd": 0,"supercategory": "person"},{"id": 85,"image_id": 10,"category_id": 1,"bbox": [464.62,187.85,13.09,13.46],"area": 176.19140000000002,"iscrowd": 0,"supercategory": "person"},{"id": 86,"image_id": 11,"category_id": 1,"bbox": [22.65,111.73,85.57,166.95],"area": 14285.911499999998,"iscrowd": 0,"supercategory": "person"},{"id": 87,"image_id": 11,"category_id": 27,"bbox": [97.03,160.16,158.29,150.55],"area": 23830.5595,"iscrowd": 0,"supercategory": "accessory"},{"id": 88,"image_id": 11,"category_id": 33,"bbox": [5.06,169.38,87.64,200.56],"area": 17577.0784,"iscrowd": 0,"supercategory": "accessory"},{"id": 89,"image_id": 11,"category_id": 1,"bbox": [9.59,122.18,45.85,44.75],"area": 2051.7875,"iscrowd": 0,"supercategory": "person"},{"id": 90,"image_id": 11,"category_id": 1,"bbox": [0.17,48.78,44.35,125.82],"area": 5580.117,"iscrowd": 0,"supercategory": "person"},{"id": 91,"image_id": 11,"category_id": 1,"bbox": [95.62,120.52,22.32,35.08],"area": 782.9856,"iscrowd": 0,"supercategory": "person"},{"id": 92,"image_id": 11,"category_id": 33,"bbox": [237.33,175.25,133.45,195.95],"area": 26149.527499999997,"iscrowd": 0,"supercategory": "accessory"},{"id": 93,"image_id": 11,"category_id": 33,"bbox": [126.69,301.94,110.64,69.26],"area": 7662.9264,"iscrowd": 0,"supercategory": "accessory"},{"id": 94,"image_id": 11,"category_id": 64,"bbox": [100.62,145.08,41.18,53.33],"area": 2196.1294,"iscrowd": 0,"supercategory": "furniture"},{"id": 95,"image_id": 11,"category_id": 27,"bbox": [280.52,173.38,219.48,201.62],"area": 44251.5576,"iscrowd": 0,"supercategory": "accessory"},{"id": 96,"image_id": 11,"category_id": 27,"bbox": [255.16,145.25,72.65,59.58],"area": 4328.487,"iscrowd": 0,"supercategory": "accessory"},{"id": 97,"image_id": 11,"category_id": 62,"bbox": [65.59,274.43,42.19,30.82],"area": 1300.2957999999999,"iscrowd": 0,"supercategory": "furniture"},{"id": 98,"image_id": 11,"category_id": 67,"bbox": [12.19,190.17999999999998,22.82,9.88],"area": 225.46160000000003,"iscrowd": 0,"supercategory": "furniture"},{"id": 99,"image_id": 11,"category_id": 67,"bbox": [0.0,171.43,58.44,123.70000000000002],"area": 7229.028000000001,"iscrowd": 0,"supercategory": "furniture"},{"id": 100,"image_id": 11,"category_id": 33,"bbox": [88.35,323.54,23.13,51.41],"area": 1189.1133,"iscrowd": 0,"supercategory": "accessory"},{"id": 101,"image_id": 11,"category_id": 33,"bbox": [192.06,156.34,91.57,89.46],"area": 8191.852199999998,"iscrowd": 0,"supercategory": "accessory"},{"id": 102,"image_id": 11,"category_id": 1,"bbox": [175.97,108.22,21.26,58.46],"area": 1242.8596,"iscrowd": 0,"supercategory": "person"},{"id": 103,"image_id": 12,"category_id": 44,"bbox": [77.71,234.42000000000002,120.96000000000001,227.17],"area": 27478.4832,"iscrowd": 0,"supercategory": "kitchen"},{"id": 104,"image_id": 12,"category_id": 47,"bbox": [320.08,387.39,132.34,170.78],"area": 22601.0252,"iscrowd": 0,"supercategory": "kitchen"},{"id": 105,"image_id": 12,"category_id": 49,"bbox": [64.85,493.23,179.2,121.17000000000002],"area": 21713.664,"iscrowd": 0,"supercategory": "kitchen"},{"id": 106,"image_id": 13,"category_id": 37,"bbox": [82.27,56.45,12.24,14.89],"area": 182.2536,"iscrowd": 0,"supercategory": "sports"},{"id": 107,"image_id": 13,"category_id": 1,"bbox": [116.85,131.46,179.78,335.96],"area": 60398.88879999999,"iscrowd": 0,"supercategory": "person"},{"id": 108,"image_id": 13,"category_id": 43,"bbox": [214.5,133.5,67.33,71.88],"area": 4839.680399999999,"iscrowd": 0,"supercategory": "sports"},{"id": 109,"image_id": 14,"category_id": 1,"bbox": [100.16,59.97999999999999,218.98999999999998,499.1],"area": 109297.909,"iscrowd": 0,"supercategory": "person"},{"id": 110,"image_id": 14,"category_id": 34,"bbox": [175.2,240.98,95.12,47.56],"area": 4523.907200000001,"iscrowd": 0,"supercategory": "sports"},{"id": 111,"image_id": 15,"category_id": 70,"bbox": [28.03,252.91000000000003,293.72,239.92],"area": 70469.3024,"iscrowd": 0,"supercategory": "furniture"},{"id": 112,"image_id": 15,"category_id": 81,"bbox": [53.24999999999999,61.04,248.05,84.41],"area": 20937.9005,"iscrowd": 0,"supercategory": "appliance"},{"id": 113,"image_id": 16,"category_id": 9,"bbox": [239.77,272.34,314.28,128.01],"area": 40230.98279999999,"iscrowd": 0,"supercategory": "vehicle"},{"id": 114,"image_id": 16,"category_id": 9,"bbox": [522.96,200.04,43.11999999999999,10.9],"area": 470.0079999999999,"iscrowd": 0,"supercategory": "vehicle"},{"id": 115,"image_id": 16,"category_id": 9,"bbox": [315.53,198.18,32.91,14.87],"area": 489.3716999999999,"iscrowd": 0,"supercategory": "vehicle"},{"id": 116,"image_id": 16,"category_id": 9,"bbox": [579.2,208.68,42.2,9.43],"area": 397.946,"iscrowd": 0,"supercategory": "vehicle"},{"id": 117,"image_id": 16,"category_id": 9,"bbox": [0.74,149.72,37.49,55.88000000000001],"area": 2094.9412000000007,"iscrowd": 0,"supercategory": "vehicle"},{"id": 118,"image_id": 16,"category_id": 9,"bbox": [408.01,255.63,83.32,28.31],"area": 2358.7891999999997,"iscrowd": 0,"supercategory": "vehicle"},{"id": 119,"image_id": 16,"category_id": 9,"bbox": [67.28,195.0,25.41,7.18],"area": 182.44379999999998,"iscrowd": 0,"supercategory": "vehicle"},{"id": 120,"image_id": 16,"category_id": 9,"bbox": [321.68999999999994,195.84,37.69,13.79],"area": 519.7451,"iscrowd": 0,"supercategory": "vehicle"},{"id": 121,"image_id": 17,"category_id": 22,"bbox": [49.72,221.14,128.58,91.69],"area": 11789.5002,"iscrowd": 0,"supercategory": "animal"},{"id": 122,"image_id": 17,"category_id": 22,"bbox": [175.73,252.71999999999997,28.03,55.540000000000006],"area": 1556.7862000000002,"iscrowd": 0,"supercategory": "animal"},{"id": 123,"image_id": 17,"category_id": 24,"bbox": [174.27,396.31,294.24,159.78],"area": 47013.6672,"iscrowd": 0,"supercategory": "animal"},{"id": 124,"image_id": 18,"category_id": 28,"bbox": [93.52,60.09,485.47,196.67],"area": 95477.3849,"iscrowd": 0,"supercategory": "accessory"},{"id": 125,"image_id": 18,"category_id": 67,"bbox": [26.429999999999996,357.51,109.26,37.63],"area": 4111.4538,"iscrowd": 0,"supercategory": "furniture"},{"id": 126,"image_id": 18,"category_id": 15,"bbox": [19.17,424.56,399.78,176.62],"area": 70609.1436,"iscrowd": 0,"supercategory": "outdoor"},{"id": 127,"image_id": 18,"category_id": 15,"bbox": [67.97,384.09,108.93,69.86],"area": 7609.849800000001,"iscrowd": 0,"supercategory": "outdoor"},{"id": 128,"image_id": 18,"category_id": 15,"bbox": [19.25,448.34,119.65,121.03],"area": 14481.239500000001,"iscrowd": 0,"supercategory": "outdoor"},{"id": 129,"image_id": 18,"category_id": 62,"bbox": [397.16,475.96,149.05,113.74],"area": 16952.947,"iscrowd": 0,"supercategory": "furniture"},{"id": 130,"image_id": 18,"category_id": 3,"bbox": [407.68,259.56,120.34,42.62],"area": 5128.8908,"iscrowd": 0,"supercategory": "vehicle"},{"id": 131,"image_id": 18,"category_id": 67,"bbox": [24.68,429.23,387.54,162.75],"area": 63072.135,"iscrowd": 0,"supercategory": "furniture"},{"id": 132,"image_id": 18,"category_id": 62,"bbox": [19.03,452.05,182.33,125.25],"area": 22836.8325,"iscrowd": 0,"supercategory": "furniture"},{"id": 133,"image_id": 19,"category_id": 48,"bbox": [320.44,428.84000000000003,72.45,211.16],"area": 15298.542,"iscrowd": 0,"supercategory": "kitchen"},{"id": 134,"image_id": 19,"category_id": 57,"bbox": [159.19,124.59,249.37,162.94],"area": 40632.3478,"iscrowd": 0,"supercategory": "food"},{"id": 135,"image_id": 19,"category_id": 57,"bbox": [250.52,36.4,76.54,102.06],"area": 7811.6724,"iscrowd": 0,"supercategory": "food"},{"id": 136,"image_id": 19,"category_id": 57,"bbox": [219.03,115.52,205.7,55.769999999999996],"area": 11471.889,"iscrowd": 0,"supercategory": "food"},{"id": 137,"image_id": 19,"category_id": 61,"bbox": [32.72,331.13,271.03,250.26],"area": 67827.96779999998,"iscrowd": 0,"supercategory": "food"},{"id": 138,"image_id": 19,"category_id": 67,"bbox": [1.66,214.44,424.34,417.25],"area": 177055.865,"iscrowd": 0,"supercategory": "furniture"},{"id": 139,"image_id": 20,"category_id": 3,"bbox": [374.63,257.99,134.66,72.54],"area": 9768.2364,"iscrowd": 0,"supercategory": "vehicle"},{"id": 140,"image_id": 20,"category_id": 6,"bbox": [253.89,198.59,147.14,105.79],"area": 15565.9406,"iscrowd": 0,"supercategory": "vehicle"},{"id": 141,"image_id": 20,"category_id": 1,"bbox": [33.36,235.77,22.92,52.19],"area": 1196.1948,"iscrowd": 0,"supercategory": "person"},{"id": 142,"image_id": 20,"category_id": 1,"bbox": [15.36,228.47,20.910000000000004,52.2],"area": 1091.5020000000002,"iscrowd": 0,"supercategory": "person"},{"id": 143,"image_id": 20,"category_id": 3,"bbox": [522.3,259.99,81.29999999999998,47.65],"area": 3873.9449999999993,"iscrowd": 0,"supercategory": "vehicle"},{"id": 144,"image_id": 20,"category_id": 8,"bbox": [133.61,195.54,77.39,107.44],"area": 8314.7816,"iscrowd": 0,"supercategory": "vehicle"},{"id": 145,"image_id": 20,"category_id": 3,"bbox": [388.2,246.65,44.58,24.11],"area": 1074.8238,"iscrowd": 0,"supercategory": "vehicle"},{"id": 146,"image_id": 20,"category_id": 3,"bbox": [578.86,253.21000000000004,60.99,65.62],"area": 4002.1638000000003,"iscrowd": 0,"supercategory": "vehicle"},{"id": 147,"image_id": 20,"category_id": 10,"bbox": [110.85,159.18,14.670000000000002,30.390000000000004],"area": 445.8213000000001,"iscrowd": 0,"supercategory": "outdoor"},{"id": 148,"image_id": 20,"category_id": 1,"bbox": [354.02,229.92,20.74,24.79],"area": 514.1446,"iscrowd": 0,"supercategory": "person"},{"id": 149,"image_id": 20,"category_id": 1,"bbox": [65.26,235.61000000000004,4.27,13.32],"area": 56.8764,"iscrowd": 0,"supercategory": "person"},{"id": 150,"image_id": 20,"category_id": 3,"bbox": [163.71000000000004,242.28000000000003,127.94,89.73],"area": 11480.0562,"iscrowd": 0,"supercategory": "vehicle"},{"id": 151,"image_id": 20,"category_id": 8,"bbox": [430.62,245.71,92.77,58.790000000000006],"area": 5453.9483,"iscrowd": 0,"supercategory": "vehicle"},{"id": 152,"image_id": 21,"category_id": 9,"bbox": [223.14,282.28,63.49,81.47],"area": 5172.5303,"iscrowd": 0,"supercategory": "vehicle"},{"id": 153,"image_id": 22,"category_id": 28,"bbox": [53.03,40.52,342.9,217.29000000000002],"area": 74508.74100000001,"iscrowd": 0,"supercategory": "accessory"},{"id": 154,"image_id": 22,"category_id": 28,"bbox": [370.27,65.35,249.22,131.86],"area": 32862.1492,"iscrowd": 0,"supercategory": "accessory"},{"id": 155,"image_id": 22,"category_id": 1,"bbox": [369.49,185.84,134.78,211.79],"area": 28545.0562,"iscrowd": 0,"supercategory": "person"},{"id": 156,"image_id": 22,"category_id": 1,"bbox": [99.02,224.63,184.29,176.95],"area": 32610.115499999996,"iscrowd": 0,"supercategory": "person"},{"id": 157,"image_id": 22,"category_id": 27,"bbox": [217.06,247.92000000000002,65.47,103.67],"area": 6787.2749,"iscrowd": 0,"supercategory": "accessory"},{"id": 158,"image_id": 22,"category_id": 31,"bbox": [311.95,217.68,102.63,187.14],"area": 19206.1782,"iscrowd": 0,"supercategory": "accessory"},{"id": 159,"image_id": 22,"category_id": 31,"bbox": [221.52999999999997,249.18,59.24,101.07],"area": 5987.3868,"iscrowd": 0,"supercategory": "accessory"},{"id": 160,"image_id": 23,"category_id": 13,"bbox": [51.54,80.32,234.81,224.78000000000003],"area": 52780.59180000001,"iscrowd": 0,"supercategory": "outdoor"},{"id": 161,"image_id": 23,"category_id": 8,"bbox": [227.43,300.03,153.75,159.87],"area": 24580.0125,"iscrowd": 0,"supercategory": "vehicle"},{"id": 162,"image_id": 23,"category_id": 10,"bbox": [243.69,8.35,30.0,69.99],"area": 2099.7,"iscrowd": 0,"supercategory": "outdoor"},{"id": 163,"image_id": 23,"category_id": 10,"bbox": [199.23,0.0,31.160000000000004,47.56999999999999],"area": 1482.2812,"iscrowd": 0,"supercategory": "outdoor"},{"id": 164,"image_id": 24,"category_id": 72,"bbox": [119.07,6.96,230.41,158.5],"area": 36519.985,"iscrowd": 0,"supercategory": "electronic"},{"id": 165,"image_id": 24,"category_id": 72,"bbox": [123.2,10.85,222.54,153.24],"area": 34102.0296,"iscrowd": 0,"supercategory": "electronic"},{"id": 166,"image_id": 24,"category_id": 17,"bbox": [207.17,89.38,57.82,120.15999999999998],"area": 6947.651199999999,"iscrowd": 0,"supercategory": "animal"},{"id": 167,"image_id": 24,"category_id": 88,"bbox": [162.58,115.51,39.46,53.40999999999999],"area": 2107.5586,"iscrowd": 0,"supercategory": "indoor"},{"id": 168,"image_id": 24,"category_id": 88,"bbox": [273.68,135.48,24.18,31.36],"area": 758.2848,"iscrowd": 0,"supercategory": "indoor"},{"id": 169,"image_id": 24,"category_id": 88,"bbox": [298.92,131.92,24.45,33.88],"area": 828.366,"iscrowd": 0,"supercategory": "indoor"},{"id": 170,"image_id": 25,"category_id": 9,"bbox": [1.44,388.31000000000006,268.94,125.13],"area": 33652.4622,"iscrowd": 0,"supercategory": "vehicle"},{"id": 171,"image_id": 25,"category_id": 1,"bbox": [39.2,292.73,237.58,146.09],"area": 34708.0622,"iscrowd": 0,"supercategory": "person"},{"id": 172,"image_id": 25,"category_id": 31,"bbox": [341.89,60.59,87.11,113.88],"area": 9920.0868,"iscrowd": 0,"supercategory": "accessory"},{"id": 173,"image_id": 25,"category_id": 31,"bbox": [284.77,0.0,76.83,121.82],"area": 9359.4306,"iscrowd": 0,"supercategory": "accessory"},{"id": 174,"image_id": 25,"category_id": 31,"bbox": [286.84,232.35,49.38,46.22999999999999],"area": 2282.8373999999994,"iscrowd": 0,"supercategory": "accessory"},{"id": 175,"image_id": 25,"category_id": 31,"bbox": [110.74000000000001,97.8,60.40999999999999,175.45999999999998],"area": 10599.538599999996,"iscrowd": 0,"supercategory": "accessory"},{"id": 176,"image_id": 25,"category_id": 31,"bbox": [288.85,200.38,32.14,40.97],"area": 1316.7758,"iscrowd": 0,"supercategory": "accessory"},{"id": 177,"image_id": 25,"category_id": 31,"bbox": [370.58,63.81,58.419999999999995,118.79999999999998],"area": 6940.2959999999985,"iscrowd": 0,"supercategory": "accessory"},{"id": 178,"image_id": 25,"category_id": 9,"bbox": [387.52,385.22,41.48,33.41],"area": 1385.8467999999998,"iscrowd": 0,"supercategory": "vehicle"},{"id": 179,"image_id": 25,"category_id": 31,"bbox": [289.16,275.68,28.19,38.35],"area": 1081.0865000000001,"iscrowd": 0,"supercategory": "accessory"},{"id": 180,"image_id": 25,"category_id": 31,"bbox": [285.51,143.83,50.67,59.91],"area": 3035.6396999999997,"iscrowd": 0,"supercategory": "accessory"},{"id": 181,"image_id": 25,"category_id": 62,"bbox": [395.62,283.05,33.24,98.79000000000002],"area": 3283.7796000000008,"iscrowd": 0,"supercategory": "furniture"},{"id": 182,"image_id": 26,"category_id": 6,"bbox": [13.41,273.52,173.6,97.53],"area": 16931.208,"iscrowd": 0,"supercategory": "vehicle"},{"id": 183,"image_id": 26,"category_id": 7,"bbox": [121.12,155.73,512.18,71.81],"area": 36779.6458,"iscrowd": 0,"supercategory": "vehicle"},{"id": 184,"image_id": 26,"category_id": 1,"bbox": [132.94,325.32,8.32,11.81],"area": 98.2592,"iscrowd": 0,"supercategory": "person"},{"id": 185,"image_id": 26,"category_id": 1,"bbox": [150.69,321.12,9.07,13.449999999999998],"area": 121.99149999999999,"iscrowd": 0,"supercategory": "person"},{"id": 186,"image_id": 26,"category_id": 1,"bbox": [143.43,320.96,7.38,14.75],"area": 108.855,"iscrowd": 0,"supercategory": "person"},{"id": 187,"image_id": 26,"category_id": 1,"bbox": [354.18,361.72,13.19,23.28],"area": 307.0632,"iscrowd": 0,"supercategory": "person"},{"id": 188,"image_id": 27,"category_id": 59,"bbox": [0.0,15.35,637.14,355.04],"area": 226210.1856,"iscrowd": 0,"supercategory": "food"},{"id": 189,"image_id": 28,"category_id": 44,"bbox": [47.49000000000001,197.0,88.88,230.00000000000003],"area": 20442.4,"iscrowd": 0,"supercategory": "kitchen"},{"id": 190,"image_id": 28,"category_id": 44,"bbox": [423.19000000000005,201.53,85.01999999999998,225.47],"area": 19169.459399999996,"iscrowd": 0,"supercategory": "kitchen"},{"id": 191,"image_id": 28,"category_id": 54,"bbox": [324.78999999999996,221.70999999999998,112.72,125.13999999999999],"area": 14105.780799999999,"iscrowd": 0,"supercategory": "food"},{"id": 192,"image_id": 28,"category_id": 1,"bbox": [1.25,0.96,516.91,320.11],"area": 165468.0601,"iscrowd": 0,"supercategory": "person"},{"id": 193,"image_id": 28,"category_id": 49,"bbox": [123.24,381.27,114.58,37.83],"area": 4334.5614,"iscrowd": 0,"supercategory": "kitchen"},{"id": 194,"image_id": 29,"category_id": 1,"bbox": [432.78,157.35,39.75,93.22],"area": 3705.495,"iscrowd": 0,"supercategory": "person"},{"id": 195,"image_id": 29,"category_id": 42,"bbox": [364.82,186.36,178.32,44.17],"area": 7876.3944,"iscrowd": 0,"supercategory": "sports"},{"id": 196,"image_id": 30,"category_id": 59,"bbox": [99.32,47.63,416.54,338.51],"area": 141002.9554,"iscrowd": 0,"supercategory": "food"},{"id": 197,"image_id": 31,"category_id": 44,"bbox": [367.57,264.24,72.91,157.18],"area": 11459.9938,"iscrowd": 0,"supercategory": "kitchen"},{"id": 198,"image_id": 31,"category_id": 47,"bbox": [256.13,391.31,45.17,33.69],"area": 1521.7773,"iscrowd": 0,"supercategory": "kitchen"},{"id": 199,"image_id": 31,"category_id": 47,"bbox": [285.23,291.98,85.58,128.36],"area": 10985.0488,"iscrowd": 0,"supercategory": "kitchen"},{"id": 200,"image_id": 31,"category_id": 49,"bbox": [393.62,335.72,187.31,83.67],"area": 15672.227700000001,"iscrowd": 0,"supercategory": "kitchen"},{"id": 201,"image_id": 31,"category_id": 84,"bbox": [560.53,46.58,40.769999999999996,22.58],"area": 920.5865999999999,"iscrowd": 0,"supercategory": "indoor"},{"id": 202,"image_id": 31,"category_id": 1,"bbox": [306.42,28.420000000000005,103.45,255.70000000000002],"area": 26452.165,"iscrowd": 0,"supercategory": "person"},{"id": 203,"image_id": 31,"category_id": 1,"bbox": [244.85,104.07,98.58000000000001,166.79],"area": 16442.1582,"iscrowd": 0,"supercategory": "person"},{"id": 204,"image_id": 31,"category_id": 1,"bbox": [370.45000000000005,66.72,195.18,297.42],"area": 58050.435600000004,"iscrowd": 0,"supercategory": "person"},{"id": 205,"image_id": 31,"category_id": 1,"bbox": [544.38,23.88,95.62,375.33],"area": 35889.0546,"iscrowd": 0,"supercategory": "person"},{"id": 206,"image_id": 31,"category_id": 1,"bbox": [157.05,69.01,59.58,170.53],"area": 10160.1774,"iscrowd": 0,"supercategory": "person"},{"id": 207,"image_id": 31,"category_id": 1,"bbox": [0.0,90.38,87.83,136.9],"area": 12023.927,"iscrowd": 0,"supercategory": "person"},{"id": 208,"image_id": 31,"category_id": 1,"bbox": [8.05,60.27,86.47,109.32999999999998],"area": 9453.765099999999,"iscrowd": 0,"supercategory": "person"},{"id": 209,"image_id": 31,"category_id": 51,"bbox": [191.45,293.78,114.03,97.56],"area": 11124.766800000001,"iscrowd": 0,"supercategory": "kitchen"},{"id": 210,"image_id": 31,"category_id": 54,"bbox": [547.99,377.0,90.04000000000002,47.63],"area": 4288.605200000001,"iscrowd": 0,"supercategory": "food"},{"id": 211,"image_id": 31,"category_id": 1,"bbox": [148.99,75.45,43.93,166.18],"area": 7300.2874,"iscrowd": 0,"supercategory": "person"},{"id": 212,"image_id": 31,"category_id": 1,"bbox": [0.05,125.62000000000002,15.13,158.13],"area": 2392.5069,"iscrowd": 0,"supercategory": "person"},{"id": 213,"image_id": 31,"category_id": 54,"bbox": [476.4100000000001,386.69,66.3,38.27],"area": 2537.301,"iscrowd": 0,"supercategory": "food"},{"id": 214,"image_id": 31,"category_id": 54,"bbox": [411.95,399.12,82.74,25.88],"area": 2141.3111999999996,"iscrowd": 0,"supercategory": "food"},{"id": 215,"image_id": 31,"category_id": 85,"bbox": [494.14,0.0,22.82,25.87],"area": 590.3534000000001,"iscrowd": 0,"supercategory": "indoor"},{"id": 216,"image_id": 31,"category_id": 1,"bbox": [36.52,55.34,193.69,360.81],"area": 69885.2889,"iscrowd": 0,"supercategory": "person"},{"id": 217,"image_id": 32,"category_id": 54,"bbox": [296.88,63.730000000000004,276.71,232.34],"area": 64290.8014,"iscrowd": 0,"supercategory": "food"},{"id": 218,"image_id": 32,"category_id": 54,"bbox": [291.23,14.52,272.68,118.59],"area": 32337.1212,"iscrowd": 0,"supercategory": "food"},{"id": 219,"image_id": 32,"category_id": 67,"bbox": [0.0,1.21,640.0,354.15],"area": 226656.0,"iscrowd": 0,"supercategory": "furniture"},{"id": 220,"image_id": 32,"category_id": 56,"bbox": [153.89,212.11,129.86,100.06],"area": 12993.791600000002,"iscrowd": 0,"supercategory": "food"},{"id": 221,"image_id": 32,"category_id": 44,"bbox": [556.86,0.58,83.14,98.8],"area": 8214.232,"iscrowd": 0,"supercategory": "kitchen"},{"id": 222,"image_id": 33,"category_id": 70,"bbox": [139.32,386.03,191.56,235.09999999999997],"area": 45035.755999999994,"iscrowd": 0,"supercategory": "furniture"},{"id": 223,"image_id": 34,"category_id": 72,"bbox": [171.68,109.17,163.76,152.31],"area": 24942.2856,"iscrowd": 0,"supercategory": "electronic"},{"id": 224,"image_id": 34,"category_id": 62,"bbox": [235.17,192.52,404.83,229.64],"area": 92965.16119999999,"iscrowd": 0,"supercategory": "furniture"},{"id": 225,"image_id": 34,"category_id": 73,"bbox": [0.0,190.95,243.72999999999996,167.92],"area": 40927.14159999999,"iscrowd": 0,"supercategory": "electronic"},{"id": 226,"image_id": 34,"category_id": 74,"bbox": [434.24,249.83,31.41,14.61],"area": 458.9001,"iscrowd": 0,"supercategory": "electronic"},{"id": 227,"image_id": 34,"category_id": 76,"bbox": [251.68,243.27000000000004,152.89,45.15],"area": 6902.983499999999,"iscrowd": 0,"supercategory": "electronic"},{"id": 228,"image_id": 34,"category_id": 76,"bbox": [55.64999999999999,269.35,145.86,60.449999999999996],"area": 8817.237000000001,"iscrowd": 0,"supercategory": "electronic"},{"id": 229,"image_id": 34,"category_id": 72,"bbox": [334.51,128.32,90.66,118.63],"area": 10754.995799999999,"iscrowd": 0,"supercategory": "electronic"},{"id": 230,"image_id": 35,"category_id": 2,"bbox": [161.52,507.18000000000006,46.45,19.16],"area": 889.9820000000001,"iscrowd": 0,"supercategory": "vehicle"},{"id": 231,"image_id": 35,"category_id": 3,"bbox": [326.5,297.63,15.23,12.48],"area": 190.0704,"iscrowd": 0,"supercategory": "vehicle"},{"id": 232,"image_id": 35,"category_id": 1,"bbox": [123.61999999999999,348.32,9.53,25.92],"area": 247.0176,"iscrowd": 0,"supercategory": "person"},{"id": 233,"image_id": 35,"category_id": 28,"bbox": [116.62,339.8399999999999,18.91,8.69],"area": 164.3279,"iscrowd": 0,"supercategory": "accessory"},{"id": 234,"image_id": 35,"category_id": 1,"bbox": [59.05,397.73,22.88,39.71],"area": 908.5648,"iscrowd": 0,"supercategory": "person"},{"id": 235,"image_id": 35,"category_id": 2,"bbox": [153.26,485.84,75.33,33.1],"area": 2493.4230000000002,"iscrowd": 0,"supercategory": "vehicle"},{"id": 236,"image_id": 35,"category_id": 2,"bbox": [148.6,510.38,79.31,17.17],"area": 1361.7527000000002,"iscrowd": 0,"supercategory": "vehicle"},{"id": 237,"image_id": 35,"category_id": 2,"bbox": [202.22,417.79,53.82000000000001,37.61],"area": 2024.1702000000002,"iscrowd": 0,"supercategory": "vehicle"},{"id": 238,"image_id": 35,"category_id": 2,"bbox": [197.07,428.5,53.400000000000006,39.86],"area": 2128.5240000000003,"iscrowd": 0,"supercategory": "vehicle"},{"id": 239,"image_id": 35,"category_id": 2,"bbox": [192.58,419.39,39.49,30.659999999999997],"area": 1210.7633999999998,"iscrowd": 0,"supercategory": "vehicle"},{"id": 240,"image_id": 35,"category_id": 2,"bbox": [182.85,445.59,57.13000000000001,35.46],"area": 2025.8298000000004,"iscrowd": 0,"supercategory": "vehicle"},{"id": 241,"image_id": 35,"category_id": 28,"bbox": [55.709999999999994,383.51,28.849999999999998,17.27],"area": 498.23949999999996,"iscrowd": 0,"supercategory": "accessory"},{"id": 242,"image_id": 36,"category_id": 24,"bbox": [1.5,0.9399999999999998,307.55,267.89],"area": 82389.5695,"iscrowd": 0,"supercategory": "animal"},{"id": 243,"image_id": 36,"category_id": 24,"bbox": [48.44,1.7299999999999998,298.4,224.02000000000004],"area": 66847.568,"iscrowd": 0,"supercategory": "animal"},{"id": 244,"image_id": 37,"category_id": 6,"bbox": [83.96,243.09,55.66,54.06],"area": 3008.9796,"iscrowd": 0,"supercategory": "vehicle"},{"id": 245,"image_id": 37,"category_id": 6,"bbox": [158.26,204.52,340.46,150.64],"area": 51286.89439999999,"iscrowd": 0,"supercategory": "vehicle"},{"id": 246,"image_id": 37,"category_id": 1,"bbox": [273.99,294.18,70.04,180.26],"area": 12625.4104,"iscrowd": 0,"supercategory": "person"},{"id": 247,"image_id": 37,"category_id": 1,"bbox": [160.0,278.09,91.97,197.05],"area": 18122.6885,"iscrowd": 0,"supercategory": "person"},{"id": 248,"image_id": 37,"category_id": 1,"bbox": [514.5,272.65,68.24,168.83],"area": 11520.9592,"iscrowd": 0,"supercategory": "person"},{"id": 249,"image_id": 37,"category_id": 1,"bbox": [440.91,289.88,24.15,23.35],"area": 563.9025,"iscrowd": 0,"supercategory": "person"},{"id": 250,"image_id": 37,"category_id": 1,"bbox": [335.9,284.63,29.119999999999997,74.34],"area": 2164.7808,"iscrowd": 0,"supercategory": "person"},{"id": 251,"image_id": 37,"category_id": 1,"bbox": [601.21,289.56,33.33,78.28],"area": 2609.0724,"iscrowd": 0,"supercategory": "person"},{"id": 252,"image_id": 37,"category_id": 1,"bbox": [27.65,289.9,7.9,22.95],"area": 181.305,"iscrowd": 0,"supercategory": "person"},{"id": 253,"image_id": 37,"category_id": 1,"bbox": [264.35,287.78,23.24,65.07],"area": 1512.2267999999997,"iscrowd": 0,"supercategory": "person"},{"id": 254,"image_id": 37,"category_id": 10,"bbox": [44.15,255.18,4.97,15.619999999999997],"area": 77.63139999999999,"iscrowd": 0,"supercategory": "outdoor"},{"id": 255,"image_id": 37,"category_id": 10,"bbox": [45.19,272.96,2.27,10.22],"area": 23.1994,"iscrowd": 0,"supercategory": "outdoor"},{"id": 256,"image_id": 37,"category_id": 27,"bbox": [9.72,315.13,70.42,86.86],"area": 6116.6812,"iscrowd": 0,"supercategory": "accessory"},{"id": 257,"image_id": 37,"category_id": 31,"bbox": [602.22,307.05,11.77,17.55],"area": 206.5635,"iscrowd": 0,"supercategory": "accessory"},{"id": 258,"image_id": 37,"category_id": 1,"bbox": [47.5,278.31,11.65,32.16],"area": 374.664,"iscrowd": 0,"supercategory": "person"},{"id": 259,"image_id": 37,"category_id": 6,"bbox": [24.24,269.85,22.69,22.93],"area": 520.2817,"iscrowd": 0,"supercategory": "vehicle"},{"id": 260,"image_id": 37,"category_id": 6,"bbox": [495.88,261.57,35.86,74.31],"area": 2664.7566,"iscrowd": 0,"supercategory": "vehicle"},{"id": 261,"image_id": 37,"category_id": 31,"bbox": [334.11,317.01,8.63,7.630000000000001],"area": 65.84690000000002,"iscrowd": 0,"supercategory": "accessory"},{"id": 262,"image_id": 37,"category_id": 33,"bbox": [409.48,330.88,33.8,29.1],"area": 983.5799999999999,"iscrowd": 0,"supercategory": "accessory"},{"id": 263,"image_id": 37,"category_id": 1,"bbox": [11.560000000000002,271.08,85.10999999999999,208.92],"area": 17781.181199999995,"iscrowd": 0,"supercategory": "person"},{"id": 264,"image_id": 37,"category_id": 31,"bbox": [302.64,419.18,56.52,60.82],"area": 3437.5464,"iscrowd": 0,"supercategory": "accessory"},{"id": 265,"image_id": 37,"category_id": 1,"bbox": [302.84,289.03,9.78,7.07],"area": 69.1446,"iscrowd": 0,"supercategory": "person"},{"id": 266,"image_id": 38,"category_id": 8,"bbox": [342.78,265.51,137.22,101.56],"area": 13936.0632,"iscrowd": 0,"supercategory": "vehicle"},{"id": 267,"image_id": 39,"category_id": 24,"bbox": [498.63,226.97,76.82,62.650000000000006],"area": 4812.773,"iscrowd": 0,"supercategory": "animal"},{"id": 268,"image_id": 39,"category_id": 24,"bbox": [30.97,212.7,46.85000000000001,42.16],"area": 1975.1960000000001,"iscrowd": 0,"supercategory": "animal"},{"id": 269,"image_id": 39,"category_id": 24,"bbox": [221.34,225.53000000000003,44.66,47.49],"area": 2120.9034,"iscrowd": 0,"supercategory": "animal"},{"id": 270,"image_id": 39,"category_id": 25,"bbox": [464.9,168.36,21.17,78.08],"area": 1652.9536,"iscrowd": 0,"supercategory": "animal"},{"id": 271,"image_id": 39,"category_id": 25,"bbox": [203.34,158.69,7.13,11.19],"area": 79.7847,"iscrowd": 0,"supercategory": "animal"},{"id": 272,"image_id": 39,"category_id": 25,"bbox": [227.17,168.28,5.68,9.12],"area": 51.80159999999999,"iscrowd": 0,"supercategory": "animal"},{"id": 273,"image_id": 39,"category_id": 25,"bbox": [245.11,179.76,46.51,59.620000000000005],"area": 2772.9262,"iscrowd": 0,"supercategory": "animal"},{"id": 274,"image_id": 39,"category_id": 25,"bbox": [398.37,176.96,20.72,28.900000000000002],"area": 598.808,"iscrowd": 0,"supercategory": "animal"},{"id": 275,"image_id": 39,"category_id": 25,"bbox": [245.64,203.48,20.590000000000003,34.41],"area": 708.5019000000001,"iscrowd": 0,"supercategory": "animal"},{"id": 276,"image_id": 39,"category_id": 24,"bbox": [89.56,214.98,15.66,40.02],"area": 626.7132,"iscrowd": 0,"supercategory": "animal"},{"id": 277,"image_id": 40,"category_id": 1,"bbox": [252.82,36.41,345.85,374.16],"area": 129403.23600000002,"iscrowd": 0,"supercategory": "person"},{"id": 278,"image_id": 40,"category_id": 32,"bbox": [360.38,280.14,86.55,128.46],"area": 11118.213,"iscrowd": 0,"supercategory": "accessory"},{"id": 279,"image_id": 41,"category_id": 32,"bbox": [186.50000000000003,332.88,122.45999999999998,248.15999999999997],"area": 30389.67359999999,"iscrowd": 0,"supercategory": "accessory"},{"id": 280,"image_id": 41,"category_id": 1,"bbox": [5.5,4.13,572.12,598.24],"area": 342265.0688,"iscrowd": 0,"supercategory": "person"},{"id": 281,"image_id": 41,"category_id": 67,"bbox": [519.54,379.56,43.2,56.64],"area": 2446.8480000000004,"iscrowd": 0,"supercategory": "furniture"},{"id": 282,"image_id": 42,"category_id": 85,"bbox": [51.7,171.95,176.16,176.16],"area": 31032.3456,"iscrowd": 0,"supercategory": "indoor"},{"id": 283,"image_id": 42,"category_id": 85,"bbox": [535.22,204.31,103.82,134.21],"area": 13933.6822,"iscrowd": 0,"supercategory": "indoor"},{"id": 284,"image_id": 43,"category_id": 3,"bbox": [151.93,284.78,241.16,130.78],"area": 31538.9048,"iscrowd": 0,"supercategory": "vehicle"},{"id": 285,"image_id": 43,"category_id": 8,"bbox": [50.47,213.8,217.99,94.49],"area": 20597.8751,"iscrowd": 0,"supercategory": "vehicle"},{"id": 286,"image_id": 43,"category_id": 1,"bbox": [20.010000000000005,259.26,17.01,47.92],"area": 815.1192000000001,"iscrowd": 0,"supercategory": "person"},{"id": 287,"image_id": 43,"category_id": 1,"bbox": [178.38,266.49,16.21,27.02],"area": 437.99420000000003,"iscrowd": 0,"supercategory": "person"},{"id": 288,"image_id": 43,"category_id": 1,"bbox": [226.85,306.37,29.660000000000004,28.13],"area": 834.3358000000001,"iscrowd": 0,"supercategory": "person"},{"id": 289,"image_id": 43,"category_id": 1,"bbox": [227.38,263.69,17.65,22.69],"area": 400.4785,"iscrowd": 0,"supercategory": "person"},{"id": 290,"image_id": 43,"category_id": 1,"bbox": [194.34,278.18,21.46,9.14],"area": 196.14440000000002,"iscrowd": 0,"supercategory": "person"},{"id": 291,"image_id": 43,"category_id": 1,"bbox": [277.4,271.88,15.58,19.33],"area": 301.16139999999996,"iscrowd": 0,"supercategory": "person"},{"id": 292,"image_id": 43,"category_id": 8,"bbox": [263.11,220.44,338.96000000000004,110.23],"area": 37363.56080000001,"iscrowd": 0,"supercategory": "vehicle"},{"id": 293,"image_id": 44,"category_id": 28,"bbox": [55.37,0.12,73.82,107.38],"area": 7926.791599999999,"iscrowd": 0,"supercategory": "accessory"},{"id": 294,"image_id": 44,"category_id": 28,"bbox": [46.11,0.93,68.73,108.66000000000001],"area": 7468.201800000001,"iscrowd": 0,"supercategory": "accessory"},{"id": 295,"image_id": 44,"category_id": 33,"bbox": [203.36,146.57,249.51,175.1],"area": 43689.200999999994,"iscrowd": 0,"supercategory": "accessory"},{"id": 296,"image_id": 45,"category_id": 61,"bbox": [6.3,120.51000000000002,623.36,332.67],"area": 207373.1712,"iscrowd": 0,"supercategory": "food"},{"id": 297,"image_id": 45,"category_id": 67,"bbox": [0.0,30.219999999999995,640.0,436.57],"area": 279404.8,"iscrowd": 0,"supercategory": "furniture"},{"id": 298,"image_id": 46,"category_id": 14,"bbox": [338.34,160.51,153.24,197.76],"area": 30304.7424,"iscrowd": 0,"supercategory": "outdoor"},{"id": 299,"image_id": 47,"category_id": 1,"bbox": [117.82000000000001,179.99,262.84,425.09000000000003],"area": 111730.6556,"iscrowd": 0,"supercategory": "person"},{"id": 300,"image_id": 47,"category_id": 1,"bbox": [372.49,34.52,63.51,165.39],"area": 10503.918899999999,"iscrowd": 0,"supercategory": "person"},{"id": 301,"image_id": 47,"category_id": 1,"bbox": [316.86,12.43,60.79,127.98],"area": 7779.9042,"iscrowd": 0,"supercategory": "person"},{"id": 302,"image_id": 47,"category_id": 1,"bbox": [214.32,13.08,89.21,152.52],"area": 13606.3092,"iscrowd": 0,"supercategory": "person"},{"id": 303,"image_id": 47,"category_id": 1,"bbox": [63.279999999999994,0.0,179.78,234.43],"area": 42145.8254,"iscrowd": 0,"supercategory": "person"},{"id": 304,"image_id": 47,"category_id": 1,"bbox": [197.47,1.28,47.32,61.36],"area": 2903.5552,"iscrowd": 0,"supercategory": "person"},{"id": 305,"image_id": 47,"category_id": 1,"bbox": [0.0,2.17,36.18,251.45],"area": 9097.461,"iscrowd": 0,"supercategory": "person"},{"id": 306,"image_id": 47,"category_id": 15,"bbox": [0.0,133.73,436.0,457.04999999999995],"area": 199273.8,"iscrowd": 0,"supercategory": "outdoor"},{"id": 307,"image_id": 47,"category_id": 27,"bbox": [74.81,4.49,88.99,125.06],"area": 11129.089399999999,"iscrowd": 0,"supercategory": "accessory"},{"id": 308,"image_id": 47,"category_id": 27,"bbox": [182.79,96.8,68.39,87.84],"area": 6007.377600000001,"iscrowd": 0,"supercategory": "accessory"},{"id": 309,"image_id": 47,"category_id": 27,"bbox": [26.43,17.26,52.67,103.06],"area": 5428.1702000000005,"iscrowd": 0,"supercategory": "accessory"},{"id": 310,"image_id": 47,"category_id": 33,"bbox": [31.46,178.66999999999996,59.53,101.69],"area": 6053.6057,"iscrowd": 0,"supercategory": "accessory"},{"id": 311,"image_id": 47,"category_id": 31,"bbox": [395.74,148.29,40.26,49.45],"area": 1990.857,"iscrowd": 0,"supercategory": "accessory"},{"id": 312,"image_id": 47,"category_id": 33,"bbox": [260.68,224.77,105.46,232.7],"area": 24540.541999999998,"iscrowd": 0,"supercategory": "accessory"},{"id": 313,"image_id": 47,"category_id": 33,"bbox": [174.21,159.55,81.78,38.53],"area": 3150.9834,"iscrowd": 0,"supercategory": "accessory"},{"id": 314,"image_id": 48,"category_id": 59,"bbox": [10.53,85.2,224.01,158.91],"area": 35597.4291,"iscrowd": 0,"supercategory": "food"},{"id": 315,"image_id": 48,"category_id": 59,"bbox": [6.7,179.02,473.87,246.97999999999996],"area": 117036.41259999998,"iscrowd": 0,"supercategory": "food"},{"id": 316,"image_id": 48,"category_id": 67,"bbox": [1.9100000000000001,47.87,638.09,372.39],"area": 237618.3351,"iscrowd": 0,"supercategory": "furniture"},{"id": 317,"image_id": 48,"category_id": 62,"bbox": [419.36,208.02,220.19,142.74],"area": 31429.9206,"iscrowd": 0,"supercategory": "furniture"},{"id": 318,"image_id": 49,"category_id": 3,"bbox": [126.5,289.96,138.04,111.74],"area": 15424.589599999998,"iscrowd": 0,"supercategory": "vehicle"},{"id": 319,"image_id": 49,"category_id": 3,"bbox": [408.41,341.33,156.82,124.89000000000001],"area": 19585.2498,"iscrowd": 0,"supercategory": "vehicle"},{"id": 320,"image_id": 49,"category_id": 4,"bbox": [14.87,80.05,18.2,26.83],"area": 488.3059999999999,"iscrowd": 0,"supercategory": "vehicle"},{"id": 321,"image_id": 49,"category_id": 6,"bbox": [150.34,118.22,292.08,221.21],"area": 64611.0168,"iscrowd": 0,"supercategory": "vehicle"},{"id": 322,"image_id": 49,"category_id": 6,"bbox": [50.7,42.07,154.24,159.64],"area": 24622.8736,"iscrowd": 0,"supercategory": "vehicle"},{"id": 323,"image_id": 49,"category_id": 1,"bbox": [15.1,61.64000000000001,17.22,38.5],"area": 662.9699999999999,"iscrowd": 0,"supercategory": "person"},{"id": 324,"image_id": 49,"category_id": 3,"bbox": [336.94000000000005,467.0,118.44,13.0],"area": 1539.72,"iscrowd": 0,"supercategory": "vehicle"},{"id": 325,"image_id": 49,"category_id": 1,"bbox": [120.95,116.3,23.56,21.0],"area": 494.76,"iscrowd": 0,"supercategory": "person"},{"id": 326,"image_id": 49,"category_id": 1,"bbox": [323.17999999999995,247.12999999999997,20.87,23.04],"area": 480.8448,"iscrowd": 0,"supercategory": "person"},{"id": 327,"image_id": 49,"category_id": 1,"bbox": [159.88,313.56,29.45,25.09],"area": 738.9005,"iscrowd": 0,"supercategory": "person"},{"id": 328,"image_id": 49,"category_id": 1,"bbox": [451.59,368.44,34.48,22.21],"area": 765.8008,"iscrowd": 0,"supercategory": "person"},{"id": 329,"image_id": 49,"category_id": 3,"bbox": [0.0,153.35,56.1,68.57],"area": 3846.7769999999996,"iscrowd": 0,"supercategory": "vehicle"},{"id": 330,"image_id": 50,"category_id": 85,"bbox": [309.57,218.97,105.71,116.49],"area": 12314.157899999998,"iscrowd": 0,"supercategory": "indoor"},{"id": 331,"image_id": 50,"category_id": 1,"bbox": [286.45,62.11999999999999,162.40000000000003,417.88],"area": 67863.71200000001,"iscrowd": 0,"supercategory": "person"},{"id": 332,"image_id": 50,"category_id": 1,"bbox": [552.43,104.86,87.57,372.98],"area": 32661.8586,"iscrowd": 0,"supercategory": "person"},{"id": 333,"image_id": 50,"category_id": 31,"bbox": [534.3,153.66,64.19,133.79],"area": 8587.980099999999,"iscrowd": 0,"supercategory": "accessory"},{"id": 334,"image_id": 50,"category_id": 84,"bbox": [99.61,354.28,113.55000000000001,53.88],"area": 6118.0740000000005,"iscrowd": 0,"supercategory": "indoor"},{"id": 335,"image_id": 50,"category_id": 1,"bbox": [490.46,114.56,110.51,290.82],"area": 32138.518200000002,"iscrowd": 0,"supercategory": "person"}]}